{"freq":[["RADIO","125,830"]],"code":"LKBANO","coords":[48.98347,17.70447],"elev":[94,307]}