{"code":"LKBANO","freq":[["RADIO","125,830"]],"elev":[94,307],"coords":[48.98347,17.70447]}