{"freq":[["RADIO","125,090"]],"code":"LKBANO","elev":[1007,307],"coords":[48.98347,17.70447]}