{"code":"LKBASK","freq":[["RADIO","125,830"]],"elev":[102,334],"coords":[49.64306,18.35167]}