{"elev":[1096,334],"code":"LKBASK","coords":[49.64306,18.35167],"freq":[["RADIO","125,830"]]}