{"coords":[49.64306,18.35167],"freq":[["RADIO","125,830"]],"code":"LKBASK","elev":[1096,334]}