{"freq":[["RADIO","125,830"]],"code":"LKBASK","coords":[49.64306,18.35167],"elev":[102,334]}