{"elev":[1007,307],"code":"LKBANO","coords":[48.98347,17.70447],"freq":[["RADIO","125,830"]]}