{"freq":[["RADIO","125,830"]],"code":"LKBASK","elev":[1096,334],"coords":[49.64306,18.35167]}