{"elev":[1417,432],"code":"LKBC-X","coords":[49.27726,14.49319],"freq":[["RADIO","125,830"]]}