{"freq":[["RADIO","125,830"]],"coords":[49.27726,14.49319],"code":"LKBC-X","elev":[1417,432]}