{"freq":[["RADIO","125,830"]],"code":"LKBC-X","coords":[49.27726,14.49319],"elev":[132,432]}