{"code":"LKBC-X","freq":[["RADIO","125,830"]],"elev":[132,432],"coords":[49.27726,14.49319]}