{"code":"LKBENI","freq":[["RADIO","125,830"]],"elev":[109,357],"coords":[49.80094,14.56016]}