{"freq":[["RADIO","130,560"]],"code":"LKBENI","elev":[1171,357],"coords":[49.80094,14.56016]}