{"freq":[["RADIO","130,560"]],"code":"LKBENI","coords":[49.80094,14.56016],"elev":[109,357]}