{"elev":[1417,432],"coords":[49.27353,14.50181],"code":"LKBECH"}