{"coords":[49.80094,14.56016],"freq":[["RADIO","130,560"]],"code":"LKBENI","elev":[1171,357]}