{"coords":[49.27353,14.50181],"elev":[1417,432],"code":"LKBECH"}