{"code":"LKBORO","freq":[["RADIO","125,830"]],"elev":[168,550],"coords":[49.35861,16.24222]}