{"freq":[["RADIO","125,830"]],"code":"LKBORO","coords":[49.35861,16.24222],"elev":[168,550]}