{"elev":[1804,550],"code":"LKBORO","coords":[49.35861,16.24222],"freq":[["RADIO","125,830"]]}