{"elev":[1247,380],"code":"LKBORI","coords":[49.43611,16.59417],"freq":[["RADIO","125,830"]]}