{"freq":[["RADIO","125,830"]],"code":"LKBORI","elev":[1247,380],"coords":[49.43611,16.59417]}