{"code":"LKBORI","freq":[["RADIO","125,830"]],"elev":[116,380],"coords":[49.43611,16.59417]}