{"freq":[["RADIO","125,830"]],"code":"LKBOJK","coords":[49.03028,17.81722],"elev":[104,340]}