{"code":"LKBOJK","freq":[["RADIO","125,830"]],"elev":[104,340],"coords":[49.03028,17.81722]}