{"freq":[["RADIO","125,830"]],"code":"LKBORI","coords":[49.43611,16.59417],"elev":[116,380]}