{"freq":[["RADIO","125,830"]],"code":"LKBOJK","elev":[1115,340],"coords":[49.03028,17.81722]}