{"code":"LKBOLE","freq":[["RADIO","125,830"]],"elev":[6,198],"coords":[48.96194,16.83167]}