{"coords":[48.96194,16.83167],"freq":[["RADIO","125,830"]],"code":"LKBOLE","elev":[650,198]}