{"freq":[["RADIO","125,830"]],"code":"LKBOLE","coords":[48.96194,16.83167],"elev":[6,198]}