{"elev":[1115,340],"code":"LKBOJK","coords":[49.03028,17.81722],"freq":[["RADIO","125,830"]]}