{"elev":[65,198],"code":"LKBOLE","coords":[48.96194,16.83167],"freq":[["RADIO","125,830"]]}