{"freq":[["RADIO","125,830"]],"code":"LKBOLE","elev":[650,198],"coords":[48.96194,16.83167]}