{"freq":[["RADIO","125,830"]],"code":"LKBRTO","coords":[49.41095,16.49948],"elev":[149,490]}