{"elev":[168,512],"code":"LKBREZ","coords":[49.33884,16.23145],"freq":[["RADIO","125,830"]]}