{"coords":[49.33884,16.23145],"freq":[["RADIO","125,830"]],"code":"LKBREZ","elev":[1680,512]}