{"elev":[1608,490],"code":"LKBRTO","coords":[49.41095,16.49948],"freq":[["RADIO","125,830"]]}