{"code":"LKBRTO","freq":[["RADIO","125,830"]],"elev":[149,490],"coords":[49.41095,16.49948]}