{"code":"LKBREZ","freq":[["RADIO","125,830"]],"elev":[156,512],"coords":[49.33884,16.23145]}