{"freq":[["RADIO","125,830"]],"code":"LKBRTO","elev":[1608,490],"coords":[49.41095,16.49948]}