{"freq":[["RADIO","125,830"]],"code":"LKBREZ","coords":[49.33884,16.23145],"elev":[156,512]}