{"elev":[869,265],"code":"LKBUDK","freq":[["RADIO","135,330"]],"coords":[49.07866,16.35585]}