{"freq":[["RADIO","120,330"]],"code":"LKBYNO","elev":[1266,386],"coords":[50.82194,14.27139]}