{"elev":[1266,386],"code":"LKBYNO","coords":[50.82194,14.27139],"freq":[["RADIO","120,330"]]}