{"freq":[["RADIO","120,330"]],"code":"LKBYNO","coords":[50.82194,14.27139],"elev":[118,386]}