{"elev":[1926,587],"code":"LKCAST","coords":[49.40944,15.14417],"freq":[["RADIO","120,330"]]}