{"freq":[["RADIO","120,330"]],"code":"LKCAST","coords":[49.40944,15.14417],"elev":[179,587]}