{"freq":[["RADIO","125,830"]],"code":"LKCHAR","elev":[902,275],"coords":[50.43361,13.81139]}