{"freq":[["RADIO","125,830"]],"code":"LKCHAR","coords":[50.43361,13.81139],"elev":[84,275]}