{"coords":[50.85806,14.46694],"freq":[["RADIO","125,830"]],"code":"LKCHRI","elev":[1257,383]}