{"coords":[49.65167,13.18972],"freq":[["RADIO","125,830"]],"code":"LKCHOV","elev":[1207,368]}