{"elev":[902,275],"code":"LKCHAR","coords":[50.43361,13.81139],"freq":[["RADIO","125,830"]]}