{"code":"LKCHRI","freq":[["RADIO","125,830"]],"elev":[117,383],"coords":[50.85806,14.46694]}