{"freq":[["RADIO","125,830"]],"code":"LKCHVO","coords":[50.10866,15.92713],"elev":[74,242]}