{"code":"LKCHVO","freq":[["RADIO","125,830"]],"elev":[74,242],"coords":[50.10866,15.92713]}