{"freq":[["RADIO","125,830"]],"code":"LKCHOV","elev":[1207,368],"coords":[49.65167,13.18972]}