{"coords":[50.43361,13.81139],"freq":[["RADIO","125,830"]],"code":"LKCHAR","elev":[902,275]}