{"elev":[1076,328],"code":"LKCHOT","coords":[50.43389,15.53056],"freq":[["RADIO","125,830"]]}