{"code":"LKCHAR","freq":[["RADIO","125,830"]],"elev":[84,275],"coords":[50.43361,13.81139]}