{"freq":[["RADIO","125,830"]],"code":"LKCHOT","coords":[50.43389,15.53056],"elev":[1,328]}