{"coords":[50.05869,14.92317],"elev":[879,268],"code":"LKCHRA"}