{"freq":[["RADIO","125,830"]],"code":"LKCHRI","coords":[50.85806,14.46694],"elev":[117,383]}