{"freq":[["RADIO","125,830"]],"code":"LKCHOV","coords":[49.65167,13.18972],"elev":[112,368]}