{"elev":[1257,383],"code":"LKCHRI","coords":[50.85806,14.46694],"freq":[["RADIO","125,830"]]}