{"code":"LKCHOT","freq":[["RADIO","125,830"]],"elev":[1,328],"coords":[50.43389,15.53056]}