{"freq":[["RADIO","125,830"]],"code":"LKCHOT","elev":[1076,328],"coords":[50.43389,15.53056]}