{"code":"LKCHOV","freq":[["RADIO","125,830"]],"elev":[112,368],"coords":[49.65167,13.18972]}