{"elev":[794,242],"code":"LKCHVO","coords":[50.10866,15.92713],"freq":[["RADIO","125,830"]]}