{"elev":[728,222],"code":"LKDUSN","coords":[50.41278,14.19806],"freq":[["RADIO","125,830"]]}