{"code":"LKDUSN","freq":[["RADIO","125,830"]],"elev":[68,222],"coords":[50.41278,14.19806]}