{"coords":[50.41278,14.19806],"freq":[["RADIO","125,830"]],"code":"LKDUSN","elev":[728,222]}