{"freq":[["Hate RADIO","122,805"]],"code":"LKEXCA","elev":[778,237],"coords":[48.76164,16.05532]}