{"freq":[["Hate RADIO","122,805"]],"code":"LKEXCA","coords":[48.76164,16.05532],"elev":[72,237]}