{"coords":[48.76164,16.05532],"freq":[["Hate RADIO","122,805"]],"code":"LKEXCA","elev":[778,237]}