{"elev":[778,237],"code":"LKEXCA","coords":[48.76164,16.05532],"freq":[["Hate RADIO","122,805"]]}