{"coords":[50.61944,14.73278],"freq":[["RADIO","134,815"]],"code":"LKHR-U","elev":[912,278]}