{"freq":[["RADIO","134,815"]],"code":"LKHR-U","elev":[912,278],"coords":[50.61944,14.73278]}