{"elev":[912,278],"code":"LKHR-U","coords":[50.61944,14.73278],"freq":[["RADIO","134,815"]]}