{"freq":[["RADIO","134,815"]],"coords":[50.61944,14.73278],"elev":[912,278],"code":"LKHRAD"}