{"code":"LKHR-U","freq":[["RADIO","125,830"]],"elev":[85,278],"coords":[50.61944,14.73278]}