{"freq":[["RADIO","134,815"]],"code":"LKHR-U","coords":[50.61944,14.73278],"elev":[85,278]}