{"code":"LKJIRI","freq":[["RADIO","125,830"]],"elev":[156,513],"coords":[49.55222,15.15556]}