{"freq":[["RADIO","125,830"]],"code":"LKJIRI","coords":[49.55222,15.15556],"elev":[156,513]}