{"elev":[1683,513],"code":"LKJIRI","coords":[49.55222,15.15556],"freq":[["RADIO","125,830"]]}