{"freq":[["RADIO","125,830"]],"code":"LKJIRI","elev":[1683,513],"coords":[49.55222,15.15556]}