{"code":"LKKAPL","freq":[["RADIO","125,830"]],"elev":[195,640],"coords":[48.71861,14.45056]}