{"elev":[21,640],"code":"LKKAPL","coords":[48.71861,14.45056],"freq":[["RADIO","125,830"]]}