{"coords":[48.71861,14.45056],"freq":[["RADIO","125,830"]],"code":"LKKAPL","elev":[2100,640]}