{"freq":[["RADIO","125,830"]],"code":"LKKAPL","coords":[48.71861,14.45056],"elev":[195,640]}