{"freq":[["RADIO","134,815"]],"code":"LKKEJZ","elev":[1594,486],"coords":[49.59214,15.40142]}