{"code":"LKKEJZ","freq":[["RADIO","125,830"]],"elev":[148,486],"coords":[49.59214,15.40142]}