{"freq":[["RADIO","134,815"]],"code":"LKKEJZ","coords":[49.59214,15.40142],"elev":[148,486]}