{"elev":[1594,486],"code":"LKKEJZ","freq":[["RADIO","134,815"]],"coords":[49.59214,15.40142]}