{"elev":[186,567],"code":"LKKOTV","coords":[49.36417,16.78417],"freq":[["RADIO","123,480"]]}