{"freq":[["RADIO","123,480"]],"code":"LKKOTV","coords":[49.36417,16.78417],"elev":[173,567]}