{"freq":[["RADIO","123,480"]],"code":"LKKOTV","elev":[1860,567],"coords":[49.36417,16.78417]}