{"elev":[2077,633],"code":"LKKRIZ","freq":[["RADIO","122,790"]],"coords":[49.87072,12.77394]}