{"elev":[584,178],"code":"LKKRAV","coords":[48.91694,16.84139],"freq":[["RADIO","130,555"]]}