{"freq":[["RADIO","130,555"]],"code":"LKKRAV","coords":[48.91694,16.84139],"elev":[54,178]}