{"coords":[48.91694,16.84139],"freq":[["RADIO","130,555"]],"code":"LKKRAV","elev":[584,178]}