{"freq":[["RADIO","125,830"]],"code":"LKKVAS","coords":[50.20446,16.27349],"elev":[121,396]}