{"elev":[1299,396],"code":"LKKVAS","coords":[50.20446,16.27349],"freq":[["RADIO","125,830"]]}