{"freq":[["RADIO","125,830"]],"code":"LKKVAS","elev":[1299,396],"coords":[50.20446,16.27349]}