{"code":"LKKVAS","freq":[["RADIO","125,830"]],"elev":[121,396],"coords":[50.20446,16.27349]}