{"code":"LKLETO","freq":[["RADIO","125,830"]],"elev":[116,380],"coords":[49.54667,16.59861]}