{"elev":[1247,380],"code":"LKLETO","coords":[49.54667,16.59861],"freq":[["RADIO","125,830"]]}