{"freq":[["RADIO","125,830"]],"code":"LKLETO","coords":[49.54667,16.59861],"elev":[116,380]}