{"freq":[["RADIO","125,830"]],"code":"LKLIBA","elev":[738,225],"coords":[50.37052,15.20109]}