{"freq":[["RADIO","125,830"]],"code":"LKLIBA","coords":[50.37052,15.20109],"elev":[69,225]}