{"elev":[738,225],"code":"LKLIBA","coords":[50.37052,15.20109],"freq":[["RADIO","125,830"]]}