{"code":"LKLIBA","freq":[["RADIO","125,830"]],"elev":[69,225],"coords":[50.37052,15.20109]}