{"freq":[["RADIO","125,830"]],"code":"LKLMER","coords":[50.52667,14.18611],"elev":[46,150]}