{"freq":[["RADIO","125,830"]],"code":"LKLMER","elev":[492,150],"coords":[50.52667,14.18611]}