{"elev":[492,150],"code":"LKLMER","coords":[50.52667,14.18611],"freq":[["RADIO","125,830"]]}