{"code":"LKLMER","freq":[["RADIO","125,830"]],"elev":[46,150],"coords":[50.52667,14.18611]}