{"elev":[636,194],"code":"LKLOUC","coords":[50.27917,15.06111],"freq":[["RADIO","125,830"]]}