{"code":"LKLOUC","freq":[["RADIO","125,830"]],"elev":[59,194],"coords":[50.27917,15.06111]}