{"coords":[50.27917,15.06111],"freq":[["RADIO","125,830"]],"code":"LKLOUC","elev":[636,194]}