{"freq":[["RADIO","125,830"]],"code":"LKLOUC","coords":[50.27917,15.06111],"elev":[59,194]}