{"elev":[1122,342],"code":"LKLUHA","coords":[49.09242,17.72492],"freq":[["RADIO","125,285"]]}