{"freq":[["RADIO","125,285"]],"code":"LKLUHA","coords":[49.09242,17.72492],"elev":[104,342]}