{"coords":[49.09242,17.72492],"freq":[["RADIO","125,285"]],"code":"LKLUHA","elev":[1122,342]}