{"freq":[["RADIO","125,285"]],"code":"LKLUHA","elev":[1122,342],"coords":[49.09242,17.72492]}