{"code":"LKLUHA","freq":[["RADIO","125,830"]],"elev":[104,342],"coords":[49.09242,17.72492]}