{"coords":[49.65278,18.34583],"freq":[["RADIO","122,590"]],"code":"LKMIST","elev":[1066,325]}