{"elev":[781,238],"code":"LKMIRO","coords":[48.93139,16.29861],"freq":[["RADIO","125,830"]]}