{"code":"LKMIST","freq":[["RADIO","125,830"]],"elev":[99,325],"coords":[49.65278,18.34583]}