{"freq":[["AirCon RADIO","120,665"]],"code":"LKMIRA","coords":[48.93167,16.33972],"elev":[66,218]}