{"elev":[1066,325],"code":"LKMIST","coords":[49.65278,18.34583],"freq":[["RADIO","122,590"]]}