{"freq":[["RADIO","125,830"]],"code":"LKMIRO","elev":[781,238],"coords":[48.93139,16.29861]}