{"code":"LKMIRA","freq":[["RADIO","125,830"]],"elev":[66,218],"coords":[48.93167,16.33972]}