{"code":"LKMIRO","freq":[["RADIO","125,830"]],"elev":[73,238],"coords":[48.93139,16.29861]}