{"freq":[["RADIO","122,590"]],"code":"LKMIST","coords":[49.65278,18.34583],"elev":[99,325]}