{"freq":[["RADIO","125,830"]],"code":"LKMIRO","coords":[48.93139,16.29861],"elev":[73,238]}