{"elev":[715,218],"code":"LKMIRA","coords":[48.93167,16.33972],"freq":[["AirCon RADIO","120,665"]]}