{"coords":[48.93139,16.29861],"freq":[["RADIO","125,830"]],"code":"LKMIRO","elev":[781,238]}