{"elev":[653,199],"code":"LKMILO","freq":[["RADIO","130,540"]],"coords":[50.23778,14.91022]}