{"coords":[48.93167,16.33972],"freq":[["AirCon RADIO","120,665"]],"code":"LKMIRA","elev":[715,218]}