{"code":"LKMLAD","freq":[["RADIO","125,830"]],"elev":[69,225],"coords":[50.24356,14.85565]}