{"elev":[738,225],"code":"LKMLAD","coords":[50.24356,14.85565],"freq":[["RADIO","125,830"]]}