{"freq":[["RADIO","130,540"]],"code":"LKML-U","coords":[50.23778,14.91022],"elev":[61,199]}