{"freq":[["RADIO","130,540"]],"coords":[50.23778,14.91022],"code":"LKML-U","elev":[653,199]}