{"coords":[50.23778,14.91022],"freq":[["RADIO","130,540"]],"code":"LKML-U","elev":[653,199]}