{"code":"LKML-U","freq":[["RADIO","125,830"]],"elev":[61,199],"coords":[50.23778,14.91022]}