{"freq":[["RADIO","125,830"]],"code":"LKMLAD","elev":[738,225],"coords":[50.24356,14.85565]}