{"freq":[["RADIO","125,830"]],"code":"LKMLAD","coords":[50.24356,14.85565],"elev":[69,225]}