{"elev":[653,199],"code":"LKML-U","coords":[50.23778,14.91022],"freq":[["RADIO","130,540"]]}