{"freq":[["RADIO","125,830"]],"code":"LKNAPA","elev":[1772,540],"coords":[49.19876,13.59998]}