{"freq":[["RADIO","130,560"]],"code":"LKNACH","elev":[1444,440],"coords":[50.41296,16.12187]}