{"elev":[1772,540],"code":"LKNAPA","coords":[49.19876,13.59998],"freq":[["RADIO","125,830"]]}