{"elev":[1444,440],"code":"LKNACH","coords":[50.41296,16.12187],"freq":[["RADIO","130,560"]]}