{"freq":[["RADIO","130,560"]],"code":"LKNACH","coords":[50.41296,16.12187],"elev":[134,440]}