{"code":"LKNAPA","freq":[["RADIO","125,830"]],"elev":[165,540],"coords":[49.19876,13.59998]}