{"coords":[50.41296,16.12187],"freq":[["RADIO","130,560"]],"code":"LKNACH","elev":[1444,440]}