{"freq":[["RADIO","125,830"]],"code":"LKNAPA","coords":[49.19876,13.59998],"elev":[165,540]}