{"freq":[["RADIO","123,465"]],"code":"LKNYMB","coords":[50.16917,15.05222],"elev":[57,186]}