{"coords":[50.16917,15.05222],"freq":[["RADIO","123,465"]],"code":"LKNYMB","elev":[610,186]}