{"elev":[61,186],"code":"LKNYMB","coords":[50.16917,15.05222],"freq":[["RADIO","123,465"]]}