{"freq":[["RADIO","123,465"]],"coords":[50.16917,15.05222],"elev":[610,186],"code":"LKNYMB"}