{"code":"LKOPAV","freq":[["RADIO","125,830"]],"elev":[81,266],"coords":[49.94056,17.98611]}