{"freq":[["RADIO","125,830"]],"code":"LKOPAV","coords":[49.94056,17.98611],"elev":[81,266]}