{"elev":[873,266],"code":"LKOPAV","coords":[49.94056,17.98611],"freq":[["RADIO","125,830"]]}