{"coords":[49.94056,17.98611],"freq":[["RADIO","125,830"]],"code":"LKOPAV","elev":[873,266]}