{"code":"LKOSTR","freq":[["RADIO","125,830"]],"elev":[156,511],"coords":[50.33667,12.96972]}