{"freq":[["RADIO","125,830"]],"code":"LKOSTR","elev":[1677,511],"coords":[50.33667,12.96972]}