{"coords":[50.01583,14.77222],"freq":[["RADIO","125,830"]],"code":"LKOSIC","elev":[1280,390]}