{"freq":[["RADIO","125,830"]],"code":"LKOSIC","coords":[50.01583,14.77222],"elev":[119,390]}