{"freq":[["RADIO","125,830"]],"code":"LKOSTR","coords":[50.33667,12.96972],"elev":[156,511]}