{"code":"LKOSIC","freq":[["RADIO","125,830"]],"elev":[119,390],"coords":[50.01583,14.77222]}