{"elev":[1677,511],"code":"LKOSTR","coords":[50.33667,12.96972],"freq":[["RADIO","125,830"]]}