{"elev":[128,390],"code":"LKOSIC","coords":[50.01583,14.77222],"freq":[["RADIO","125,830"]]}