{"coords":[48.88058,16.82486],"freq":[["Pavlovice RADIO","130,555"]],"code":"LKPAVL","elev":[564,172]}