{"freq":[["Pavlovice RADIO","130,555"]],"code":"LKPAVL","coords":[48.88058,16.82486],"elev":[52,172]}