{"elev":[564,172],"code":"LKPAVL","coords":[48.88058,16.82486],"freq":[["Pavlovice RADIO","130,555"]]}