{"code":"LKPENC","freq":[["RADIO","125,830"]],"elev":[113,371],"coords":[49.56833,16.99889]}