{"freq":[["RADIO","125,830"]],"code":"LKPENC","elev":[1217,371],"coords":[49.56833,16.99889]}