{"elev":[1217,371],"code":"LKPENC","coords":[49.56833,16.99889],"freq":[["RADIO","125,830"]]}