{"freq":[["RADIO","125,830"]],"code":"LKPENC","coords":[49.56833,16.99889],"elev":[113,371]}