{"elev":[1352,412],"code":"LKPISK","freq":[["RADIO","125,830"]],"coords":[49.33944,14.11389]}