{"freq":[["Pisek RADIO","119,415"]],"coords":[49.33944,14.11389],"elev":[1352,412],"code":"LKPISK"}