{"code":"LKPK-U","freq":[["RADIO","125,830"]],"elev":[126,412],"coords":[49.33944,14.11389]}