{"freq":[["RADIO","125,830"]],"code":"LKPK-U","elev":[1352,412],"coords":[49.33944,14.11389]}