{"elev":[1352,412],"code":"LKPK-U","coords":[49.33944,14.11389],"freq":[["RADIO","125,830"]]}