{"freq":[["RADIO","125,830"]],"code":"LKPK-U","coords":[49.33944,14.11389],"elev":[126,412]}