{"coords":[49.77222,13.16222],"freq":[["RADIO","125,830"]],"code":"LKPLES","elev":[1339,408]}