{"code":"LKPLES","freq":[["RADIO","125,830"]],"elev":[124,408],"coords":[49.77222,13.16222]}