{"freq":[["RADIO","125,830"]],"code":"LKPLES","coords":[49.77222,13.16222],"elev":[124,408]}