{"freq":[["RADIO","125,830"]],"code":"LKPOLE","coords":[50.52063,14.27234],"elev":[65,212]}