{"elev":[696,212],"code":"LKPOLE","coords":[50.52063,14.27234],"freq":[["RADIO","125,830"]]}