{"code":"LKPOLE","freq":[["RADIO","125,830"]],"elev":[65,212],"coords":[50.52063,14.27234]}