{"coords":[50.52063,14.27234],"freq":[["RADIO","125,830"]],"code":"LKPOLE","elev":[696,212]}