{"elev":[984,300],"code":"LKRAMS","coords":[50.64167,14.54139],"freq":[["RADIO","125,830"]]}