{"freq":[["RADIO","125,830"]],"code":"LKRAMS","elev":[984,300],"coords":[50.64167,14.54139]}