{"code":"LKRAMS","freq":[["RADIO","125,830"]],"elev":[91,300],"coords":[50.64167,14.54139]}