{"coords":[50.64167,14.54139],"freq":[["RADIO","125,830"]],"code":"LKRAMS","elev":[984,300]}