{"freq":[["RADIO","125,830"]],"coords":[49.27518,13.62786],"elev":[1480,451],"code":"LKRABI"}