{"freq":[["RADIO","125,830"]],"code":"LKRAMS","coords":[50.64167,14.54139],"elev":[91,300]}