{"code":"LKRICA","freq":[["RADIO","125,830"]],"elev":[115,377],"coords":[49.97444,14.64983]}