{"freq":[["RADIO","125,830"]],"code":"LKRICA","elev":[1237,377],"coords":[49.97444,14.64983]}