{"freq":[["RADIO","125,830"]],"code":"LKRICA","coords":[49.97444,14.64983],"elev":[115,377]}