{"elev":[1237,377],"code":"LKRICA","coords":[49.97444,14.64983],"freq":[["RADIO","125,830"]]}