{"freq":[["RADIO","125,830"]],"code":"LKROHO","coords":[49.98194,15.39278],"elev":[63,207]}