{"code":"LKROHO","freq":[["RADIO","125,830"]],"elev":[63,207],"coords":[49.98194,15.39278]}