{"elev":[679,207],"code":"LKROHO","coords":[49.98194,15.39278],"freq":[["RADIO","125,830"]]}