{"elev":[1345,410],"code":"LKSAZA","coords":[49.88778,14.93944],"freq":[["RADIO","125,830"]]}