{"code":"LKSAZA","freq":[["RADIO","125,830"]],"elev":[125,410],"coords":[49.88778,14.93944]}