{"code":"LKSAZO","freq":[["RADIO","125,830"]],"elev":[17,557],"coords":[49.50861,15.97111]}