{"freq":[["RADIO","125,830"]],"code":"LKSAZO","coords":[49.50861,15.97111],"elev":[17,557]}