{"elev":[1827,557],"code":"LKSAZO","coords":[49.50861,15.97111],"freq":[["RADIO","125,830"]]}