{"coords":[49.88778,14.93944],"freq":[["RADIO","125,830"]],"code":"LKSAZA","elev":[1345,410]}