{"freq":[["RADIO","125,830"]],"code":"LKSAZA","coords":[49.88778,14.93944],"elev":[125,410]}