{"code":"LKSEDL","freq":[["RADIO","125,830"]],"elev":[105,345],"coords":[49.72211,18.37481]}