{"coords":[49.72211,18.37481],"freq":[["RADIO","125,830"]],"code":"LKSEDL","elev":[1132,345]}