{"freq":[["RADIO","125,830"]],"code":"LKSEDL","coords":[49.72211,18.37481],"elev":[105,345]}