{"elev":[1132,345],"code":"LKSEDL","coords":[49.72211,18.37481],"freq":[["RADIO","125,830"]]}