{"freq":[["RADIO","125,830"]],"code":"LKSKUD","coords":[50.02194,15.52056],"elev":[65,212]}