{"coords":[50.02194,15.52056],"freq":[["RADIO","125,830"]],"code":"LKSKUD","elev":[696,212]}