{"elev":[696,212],"code":"LKSKUD","coords":[50.02194,15.52056],"freq":[["RADIO","125,830"]]}