{"code":"LKSKUD","freq":[["RADIO","125,830"]],"elev":[65,212],"coords":[50.02194,15.52056]}