{"freq":[["Stipa RADIO","122,805"]],"code":"LKSTIP","coords":[49.27278,17.74639],"elev":[102,336]}