{"code":"LKSTRZ","freq":[["RADIO","125,830"]],"elev":[57,187],"coords":[48.88778,17.29444]}