{"freq":[["RADIO","125,830"]],"code":"LKSTUD","elev":[1804,550],"coords":[50.54944,15.53611]}