{"freq":[["RADIO","125,830"]],"code":"LKSTRZ","coords":[48.88778,17.29444],"elev":[57,187]}