{"freq":[["RADIO","125,830"]],"code":"LKSTRZ","elev":[614,187],"coords":[48.88778,17.29444]}