{"elev":[1102,336],"code":"LKSTIP","coords":[49.27278,17.74639],"freq":[["Stipa RADIO","122,805"]]}