{"elev":[614,187],"code":"LKSTRZ","coords":[48.88778,17.29444],"freq":[["RADIO","125,830"]]}