{"freq":[["RADIO","125,830"]],"code":"LKSTUD","coords":[50.54944,15.53611],"elev":[168,550]}