{"code":"LKSTUD","freq":[["RADIO","125,830"]],"elev":[168,550],"coords":[50.54944,15.53611]}