{"code":"LKSTIP","freq":[["RADIO","125,830"]],"elev":[102,336],"coords":[49.27278,17.74639]}