{"coords":[49.27278,17.74639],"freq":[["Stipa RADIO","122,805"]],"code":"LKSTIP","elev":[1102,336]}