{"elev":[1804,550],"code":"LKSTUD","coords":[50.54944,15.53611],"freq":[["RADIO","125,830"]]}