{"freq":[["RADIO","125,830"]],"code":"LKSUMV","coords":[49.84556,17.13806],"elev":[84,275]}