{"freq":[["RADIO","125,830"]],"code":"LKSUMV","elev":[902,275],"coords":[49.84556,17.13806]}