{"elev":[902,275],"code":"LKSUMV","coords":[49.84556,17.13806],"freq":[["RADIO","125,830"]]}