{"code":"LKSUMV","freq":[["RADIO","125,830"]],"elev":[84,275],"coords":[49.84556,17.13806]}