{"elev":[482,147],"code":"LKTERE","coords":[50.51956,14.15588],"freq":[["RADIO","125,830"]]}