{"code":"LKTERE","freq":[["RADIO","125,830"]],"elev":[45,147],"coords":[50.51956,14.15588]}