{"freq":[["RADIO","125,830"]],"code":"LKTERE","coords":[50.51956,14.15588],"elev":[45,147]}