{"freq":[["RADIO","122,410"]],"code":"LKTEPL","elev":[1148,350],"coords":[50.62083,13.81056]}