{"freq":[["RADIO","122,410"]],"code":"LKTEPL","coords":[50.62083,13.81056],"elev":[107,350]}