{"elev":[1148,350],"code":"LKTEPL","coords":[50.62083,13.81056],"freq":[["RADIO","122,410"]]}