{"coords":[50.51956,14.15588],"freq":[["RADIO","125,830"]],"code":"LKTERE","elev":[482,147]}