{"code":"LKTEPL","freq":[["RADIO","125,830"]],"elev":[107,350],"coords":[50.62083,13.81056]}