{"freq":[["RADIO","125,830"]],"code":"LKTRNA","coords":[49.69167,18.16417],"elev":[85,280]}