{"freq":[["RADIO","125,830"]],"code":"LKTRNA","elev":[919,280],"coords":[49.69167,18.16417]}