{"coords":[49.19833,15.90306],"freq":[["RADIO","125,830"]],"code":"LKTREB","elev":[1588,484]}