{"code":"LKTREB","freq":[["RADIO","125,830"]],"elev":[148,484],"coords":[49.19833,15.90306]}