{"code":"LKTRNA","freq":[["RADIO","125,830"]],"elev":[85,280],"coords":[49.69167,18.16417]}