{"freq":[["RADIO","125,830"]],"code":"LKTREB","coords":[49.19833,15.90306],"elev":[148,484]}