{"coords":[49.69167,18.16417],"freq":[["RADIO","125,830"]],"code":"LKTRNA","elev":[919,280]}