{"elev":[919,280],"code":"LKTRNA","coords":[49.69167,18.16417],"freq":[["RADIO","125,830"]]}