{"elev":[1588,484],"code":"LKTREB","coords":[49.19833,15.90306],"freq":[["RADIO","125,830"]]}