{"freq":[["RADIO","125,830"]],"code":"LKVRAT","coords":[50.03972,14.82194],"elev":[96,314]}