{"elev":[103,314],"code":"LKVRAT","coords":[50.03972,14.82194],"freq":[["RADIO","125,830"]]}