{"coords":[50.03972,14.82194],"freq":[["RADIO","125,830"]],"code":"LKVRAT","elev":[1030,314]}