{"code":"LKVRAT","freq":[["RADIO","125,830"]],"elev":[96,314],"coords":[50.03972,14.82194]}