{"freq":[["RADIO","125,830"]],"code":"LKVSEN","elev":[820,250],"coords":[50.55528,15.09389]}