{"freq":[["RADIO","125,830"]],"code":"LKVSEN","coords":[50.55528,15.09389],"elev":[76,250]}