{"elev":[82,250],"code":"LKVSEN","coords":[50.55528,15.09389],"freq":[["RADIO","125,830"]]}