{"code":"LKVSEN","freq":[["RADIO","125,830"]],"elev":[76,250],"coords":[50.55528,15.09389]}