{"elev":[104,317],"code":"LKZAHO","coords":[49.46639,17.66528],"freq":[["RADIO","125,830"]]}