{"freq":[["RADIO","125,830"]],"code":"LKZAHO","elev":[1040,317],"coords":[49.46639,17.66528]}