{"code":"LKZAHO","freq":[["RADIO","125,830"]],"elev":[97,317],"coords":[49.46639,17.66528]}