{"freq":[["RADIO","125,830"]],"code":"LKZAHO","coords":[49.46639,17.66528],"elev":[97,317]}