{"freq":[["RADIO","125,830"]],"code":"LKZELE","elev":[1512,461],"coords":[49.33056,14.65908]}