{"freq":[["RADIO","125,830"]],"code":"LKZELE","coords":[49.33056,14.65908],"elev":[141,461]}