{"code":"LKZELE","freq":[["RADIO","125,830"]],"elev":[141,461],"coords":[49.33056,14.65908]}