{"elev":[1512,461],"code":"LKZELE","coords":[49.33056,14.65908],"freq":[["RADIO","125,830"]]}