{"coords":[48.01806,17.61306],"code":"LZDUNA","elev":[377,115]}