{"code":"LZDUNA","elev":[377,115],"coords":[48.01806,17.61306]}