{"code":"LZHRAB","elev":[1824,556],"coords":[48.96907,20.38648]}