{"coords":[48.96907,20.38648],"code":"LZHRAB","elev":[1824,556]}