{"coords":[48.79219,22.17981],"elev":[564,172],"code":"LZJASE"}