{"coords":[48.63394,17.73229],"code":"LZKRAK","elev":[682,208]}