{"code":"LZKRAK","elev":[682,208],"coords":[48.63394,17.73229]}