{"coords":[48.04555,17.47698],"code":"LZMASN","elev":[394,120]}