{"code":"LZMASN","elev":[394,120],"coords":[48.04555,17.47698]}