{"coords":[48.14293,17.37773],"code":"LZMADA","elev":[413,126]}