{"code":"LZMADA","elev":[413,126],"coords":[48.14293,17.37773]}