{"code":"LZNIVA","elev":[1142,348],"coords":[48.48888,19.10138]}