{"freq":[["PREVADZKA","122,600"]],"code":"LZSLAD","elev":[394,120],"coords":[48.18889,17.63389]}