{"code":"LZTEKO","elev":[531,162],"coords":[48.17133,18.54158]}