{"code":"LZVELI","elev":[705,215],"coords":[48.59684,21.15858]}