{"coords":[48.59684,21.15858],"code":"LZVELI","elev":[705,215]}