{"coords":[48.04708,18.59603],"code":"LZZELI","elev":[472,144]}