{"code":"LZZELI","elev":[472,144],"coords":[48.04708,18.59603]}